notes,geometry,
subarea_polygon,"POLYGON ((-112.194040 33.668244,-112.193976 33.668234,-112.193978 33.668077,-112.194034 33.668081,-112.194040 33.668245,-112.194040 33.668244,))"
