notes,geometry,
subarea_polygon,"POLYGON ((-111.949139 33.256154,-111.947832 33.256078,-111.947712 33.254787,-111.949352 33.254777,-111.949128 33.256151,-111.949139 33.256154,))"
