link_id,name,from_node_id,to_node_id,facility_type,link_type,dir_flag,cell_type,length,lanes,free_speed,capacity,geometry,waterway,,
32,,32,33,Freeway,1,1,-1,1.00000,2,30.0,900.0,"LINESTRING (-112.136488 33.654552, -112.115040 33.654688)",,,
34,,33,35,Freeway,1,1,-1,1.00000,2,30.0,900.0,"LINESTRING (-112.115040 33.654688, -112.088630 33.654881)",,,
40,,38,33,Freeway,1,1,-1,1.00000,3,65.0,1900.0,"LINESTRING (-112.117524 33.662468, -112.115041 33.654688)",,,
41,,33,38,Freeway,1,1,-1,1.00000,3,65.0,1900.0,"LINESTRING (-112.115040 33.654688, -112.117523 33.662469)",,,
42,,33,39,Freeway,1,1,-1,1.00000,3,65.0,1900.0,"LINESTRING (-112.115041 33.654688, -112.115355 33.646833)",,,
43,,39,33,Freeway,1,1,-1,1.00000,3,65.0,1900.0,"LINESTRING (-112.115354 33.646833, -112.115040 33.654688)",,,
51,,35,33,Freeway,1,1,-1,1.00000,3,65.0,1900.0,"LINESTRING (-112.088630 33.654882, -112.115041 33.654688)",,,
52,,33,32,Freeway,1,1,-1,1.00000,3,65.0,1900.0,"LINESTRING (-112.115041 33.654688, -112.136488 33.654552)",,,
